{
  "rois": [
    [
      235,
      2,
      370,
      212
    ],
    [
      183,
      614,
      281,
      726
    ],
    [
      188,
      707,
      229,
      729
    ]
  ],
  "class_ids": [
    3,
    3,
    3
  ],
  "scores": [
    0.9792200326919556,
    0.9495189785957336,
    0.739471971988678
  ]
}