{
  "rois": [
    [
      176,
      598,
      222,
      613
    ],
    [
      229,
      1040,
      314,
      1115
    ],
    [
      215,
      938,
      273,
      993
    ],
    [
      205,
      490,
      240,
      533
    ],
    [
      167,
      711,
      216,
      728
    ],
    [
      259,
      848,
      347,
      903
    ],
    [
      259,
      862,
      367,
      1012
    ],
    [
      246,
      804,
      318,
      863
    ],
    [
      200,
      780,
      243,
      816
    ],
    [
      204,
      821,
      242,
      865
    ],
    [
      282,
      915,
      374,
      997
    ],
    [
      257,
      852,
      289,
      1014
    ],
    [
      231,
      780,
      295,
      807
    ],
    [
      146,
      443,
      184,
      466
    ],
    [
      218,
      747,
      278,
      782
    ],
    [
      202,
      751,
      273,
      785
    ],
    [
      218,
      733,
      273,
      755
    ],
    [
      163,
      688,
      223,
      708
    ],
    [
      186,
      431,
      218,
      471
    ]
  ],
  "class_ids": [
    1,
    1,
    1,
    2,
    1,
    57,
    61,
    57,
    1,
    1,
    57,
    61,
    57,
    10,
    57,
    1,
    57,
    1,
    12
  ],
  "scores": [
    0.9899817109107971,
    0.9861175417900085,
    0.9857505559921265,
    0.9659508466720581,
    0.9651684165000916,
    0.9602649807929993,
    0.9422041177749634,
    0.9370744228363037,
    0.9254486560821533,
    0.923283040523529,
    0.8983281254768372,
    0.8826100826263428,
    0.8541091084480286,
    0.8467305898666382,
    0.8446115851402283,
    0.8166515231132507,
    0.750935435295105,
    0.734040379524231,
    0.7102499008178711
  ]
}