{
  "rois": [
    [
      165,
      518,
      200,
      564
    ],
    [
      167,
      442,
      196,
      479
    ],
    [
      177,
      51,
      207,
      64
    ],
    [
      166,
      424,
      186,
      450
    ],
    [
      161,
      411,
      181,
      435
    ],
    [
      165,
      474,
      179,
      503
    ]
  ],
  "class_ids": [
    3,
    3,
    1,
    3,
    3,
    3
  ],
  "scores": [
    0.9966604709625244,
    0.9846937656402588,
    0.8713027834892273,
    0.8173531889915466,
    0.7493039965629578,
    0.7224403619766235
  ]
}