{
  "rois": [
    [
      179,
      559,
      205,
      590
    ],
    [
      158,
      685,
      205,
      701
    ],
    [
      121,
      689,
      166,
      749
    ],
    [
      180,
      591,
      192,
      612
    ]
  ],
  "class_ids": [
    3,
    1,
    59,
    3
  ],
  "scores": [
    0.9940419793128967,
    0.8662124872207642,
    0.8140769004821777,
    0.7544987201690674
  ]
}