{
  "rois": [
    [
      178,
      470,
      263,
      498
    ],
    [
      160,
      713,
      230,
      741
    ],
    [
      171,
      440,
      265,
      469
    ],
    [
      168,
      403,
      232,
      428
    ],
    [
      180,
      463,
      261,
      482
    ],
    [
      160,
      688,
      226,
      706
    ],
    [
      252,
      37,
      347,
      99
    ],
    [
      169,
      663,
      205,
      686
    ],
    [
      166,
      776,
      200,
      791
    ],
    [
      246,
      73,
      336,
      137
    ]
  ],
  "class_ids": [
    1,
    1,
    1,
    1,
    1,
    1,
    74,
    11,
    1,
    74
  ],
  "scores": [
    0.9967033267021179,
    0.992160975933075,
    0.9909562468528748,
    0.9819190502166748,
    0.8565529584884644,
    0.833030104637146,
    0.740009069442749,
    0.7373971343040466,
    0.7349897027015686,
    0.7055090069770813
  ]
}