{
  "rois": [
    [
      178,
      371,
      269,
      511
    ],
    [
      197,
      1132,
      361,
      1242
    ],
    [
      166,
      476,
      244,
      549
    ],
    [
      171,
      547,
      215,
      596
    ],
    [
      119,
      876,
      211,
      1100
    ],
    [
      165,
      599,
      186,
      630
    ],
    [
      166,
      721,
      214,
      787
    ],
    [
      166,
      662,
      179,
      679
    ],
    [
      168,
      581,
      194,
      604
    ],
    [
      173,
      690,
      186,
      712
    ]
  ],
  "class_ids": [
    3,
    1,
    3,
    3,
    8,
    3,
    3,
    3,
    3,
    3
  ],
  "scores": [
    0.995960533618927,
    0.992089033126831,
    0.9904751181602478,
    0.9875297546386719,
    0.9816926717758179,
    0.973438024520874,
    0.9647035598754883,
    0.8875777125358582,
    0.8673484325408936,
    0.712294340133667
  ]
}