{
  "rois": [
    [
      189,
      0,
      307,
      170
    ],
    [
      180,
      194,
      227,
      239
    ],
    [
      152,
      476,
      215,
      538
    ],
    [
      179,
      424,
      225,
      488
    ],
    [
      174,
      573,
      217,
      625
    ],
    [
      174,
      353,
      263,
      421
    ],
    [
      169,
      214,
      287,
      405
    ],
    [
      153,
      530,
      199,
      574
    ],
    [
      178,
      412,
      217,
      451
    ]
  ],
  "class_ids": [
    3,
    3,
    8,
    3,
    3,
    3,
    3,
    8,
    3
  ],
  "scores": [
    0.9958106279373169,
    0.9847384691238403,
    0.9478082060813904,
    0.932768702507019,
    0.9071191549301147,
    0.874634861946106,
    0.8384265899658203,
    0.7923776507377625,
    0.7806726098060608
  ]
}