{
  "rois": [
    [
      215,
      912,
      293,
      1021
    ],
    [
      216,
      1,
      362,
      189
    ],
    [
      200,
      99,
      372,
      451
    ],
    [
      182,
      639,
      216,
      686
    ],
    [
      191,
      518,
      243,
      551
    ],
    [
      185,
      673,
      233,
      761
    ],
    [
      188,
      539,
      221,
      570
    ],
    [
      215,
      821,
      290,
      909
    ],
    [
      183,
      625,
      203,
      643
    ],
    [
      171,
      385,
      279,
      528
    ],
    [
      173,
      549,
      210,
      588
    ],
    [
      212,
      737,
      262,
      780
    ],
    [
      202,
      792,
      279,
      854
    ],
    [
      168,
      976,
      248,
      1008
    ],
    [
      221,
      895,
      292,
      934
    ],
    [
      204,
      778,
      269,
      816
    ]
  ],
  "class_ids": [
    2,
    3,
    3,
    3,
    3,
    3,
    3,
    2,
    3,
    3,
    3,
    2,
    2,
    1,
    2,
    2
  ],
  "scores": [
    0.9937133193016052,
    0.9935365319252014,
    0.9925231337547302,
    0.9884456396102905,
    0.9879790544509888,
    0.9868316650390625,
    0.9865105748176575,
    0.9843734502792358,
    0.9716450572013855,
    0.9478608965873718,
    0.9226425290107727,
    0.9188854098320007,
    0.902515172958374,
    0.8994442820549011,
    0.8987261056900024,
    0.8673539757728577
  ]
}