{
  "rois": [
    [
      150,
      1016,
      318,
      1097
    ],
    [
      207,
      5,
      370,
      414
    ],
    [
      230,
      826,
      365,
      958
    ],
    [
      175,
      670,
      220,
      683
    ],
    [
      181,
      925,
      251,
      969
    ],
    [
      181,
      541,
      224,
      558
    ],
    [
      196,
      438,
      236,
      457
    ],
    [
      206,
      375,
      259,
      422
    ],
    [
      172,
      692,
      215,
      706
    ],
    [
      177,
      712,
      254,
      766
    ],
    [
      172,
      624,
      196,
      661
    ],
    [
      219,
      927,
      268,
      967
    ],
    [
      173,
      681,
      216,
      697
    ],
    [
      254,
      153,
      320,
      238
    ]
  ],
  "class_ids": [
    1,
    3,
    2,
    1,
    1,
    1,
    1,
    4,
    1,
    59,
    3,
    2,
    1,
    1
  ],
  "scores": [
    0.9993647933006287,
    0.9959801435470581,
    0.9880075454711914,
    0.9553986191749573,
    0.9471947550773621,
    0.9265521168708801,
    0.8877712488174438,
    0.8873929381370544,
    0.8708705306053162,
    0.8127286434173584,
    0.8043577075004578,
    0.7424409985542297,
    0.733542263507843,
    0.7266186475753784
  ]
}