{
  "rois": [
    [
      154,
      779,
      314,
      841
    ],
    [
      204,
      352,
      279,
      418
    ],
    [
      216,
      247,
      282,
      287
    ],
    [
      214,
      866,
      281,
      927
    ],
    [
      217,
      279,
      282,
      315
    ],
    [
      214,
      303,
      281,
      333
    ],
    [
      214,
      337,
      280,
      366
    ],
    [
      174,
      495,
      254,
      559
    ]
  ],
  "class_ids": [
    1,
    2,
    2,
    2,
    2,
    2,
    2,
    59
  ],
  "scores": [
    0.9988034963607788,
    0.9881376624107361,
    0.9454237818717957,
    0.8896955251693726,
    0.8874210119247437,
    0.8754996657371521,
    0.854863703250885,
    0.8048379421234131
  ]
}