{
  "rois": [
    [
      187,
      288,
      285,
      462
    ],
    [
      181,
      0,
      228,
      81
    ],
    [
      171,
      587,
      210,
      630
    ]
  ],
  "class_ids": [
    3,
    3,
    3
  ],
  "scores": [
    0.9893217086791992,
    0.9538339376449585,
    0.9061216711997986
  ]
}