{
  "rois": [
    [
      172,
      729,
      199,
      788
    ],
    [
      0,
      311,
      97,
      373
    ],
    [
      185,
      911,
      217,
      924
    ],
    [
      186,
      148,
      220,
      168
    ],
    [
      186,
      1128,
      213,
      1150
    ],
    [
      166,
      546,
      175,
      565
    ],
    [
      33,
      362,
      92,
      387
    ],
    [
      175,
      967,
      218,
      991
    ],
    [
      41,
      290,
      89,
      310
    ],
    [
      178,
      967,
      220,
      993
    ],
    [
      165,
      540,
      175,
      554
    ]
  ],
  "class_ids": [
    3,
    10,
    11,
    11,
    12,
    3,
    10,
    1,
    10,
    11,
    3
  ],
  "scores": [
    0.9943168759346008,
    0.9920523166656494,
    0.9209825992584229,
    0.9208045601844788,
    0.9144486784934998,
    0.899700403213501,
    0.7694314122200012,
    0.7642840147018433,
    0.7247396111488342,
    0.7201077342033386,
    0.7068647146224976
  ]
}