{
  "rois": [
    [
      186,
      785,
      335,
      1011
    ],
    [
      176,
      495,
      200,
      532
    ],
    [
      179,
      720,
      268,
      840
    ],
    [
      165,
      612,
      198,
      651
    ],
    [
      167,
      558,
      190,
      593
    ],
    [
      141,
      195,
      196,
      353
    ],
    [
      190,
      195,
      337,
      428
    ],
    [
      156,
      354,
      265,
      488
    ],
    [
      171,
      709,
      237,
      776
    ]
  ],
  "class_ids": [
    3,
    3,
    3,
    3,
    3,
    6,
    3,
    8,
    3
  ],
  "scores": [
    0.9915897250175476,
    0.9691005349159241,
    0.9650601744651794,
    0.8829411268234253,
    0.8616492748260498,
    0.835846483707428,
    0.7265918850898743,
    0.7241488099098206,
    0.7112904787063599
  ]
}