{
  "rois": [
    [
      165,
      656,
      237,
      680
    ],
    [
      168,
      680,
      235,
      709
    ],
    [
      182,
      781,
      353,
      898
    ],
    [
      190,
      866,
      373,
      1014
    ],
    [
      276,
      0,
      374,
      46
    ],
    [
      174,
      449,
      231,
      476
    ],
    [
      202,
      740,
      282,
      785
    ],
    [
      188,
      1049,
      258,
      1117
    ],
    [
      160,
      607,
      205,
      625
    ],
    [
      160,
      718,
      206,
      741
    ],
    [
      148,
      346,
      168,
      409
    ],
    [
      175,
      851,
      232,
      918
    ],
    [
      161,
      739,
      205,
      754
    ],
    [
      241,
      41,
      356,
      136
    ],
    [
      153,
      237,
      285,
      330
    ],
    [
      170,
      564,
      202,
      580
    ]
  ],
  "class_ids": [
    1,
    1,
    59,
    59,
    2,
    1,
    2,
    1,
    1,
    1,
    26,
    57,
    1,
    59,
    59,
    1
  ],
  "scores": [
    0.9972973465919495,
    0.9965322017669678,
    0.9864047765731812,
    0.9817214012145996,
    0.9701419472694397,
    0.9674004316329956,
    0.9433260560035706,
    0.9394646883010864,
    0.933272123336792,
    0.927814781665802,
    0.9216645956039429,
    0.8949769139289856,
    0.8658106327056885,
    0.7960668206214905,
    0.7844948172569275,
    0.7252143025398254
  ]
}