{
  "rois": [
    [
      176,
      551,
      193,
      577
    ],
    [
      14,
      1059,
      350,
      1235
    ],
    [
      154,
      635,
      208,
      698
    ]
  ],
  "class_ids": [
    3,
    73,
    8
  ],
  "scores": [
    0.9531633853912354,
    0.8598301410675049,
    0.7413329482078552
  ]
}