{
  "rois": [
    [
      184,
      40,
      242,
      223
    ],
    [
      1,
      861,
      85,
      899
    ],
    [
      170,
      508,
      211,
      575
    ],
    [
      170,
      581,
      187,
      602
    ],
    [
      171,
      328,
      207,
      401
    ],
    [
      176,
      330,
      214,
      404
    ],
    [
      176,
      385,
      214,
      402
    ],
    [
      169,
      603,
      188,
      629
    ],
    [
      189,
      678,
      208,
      705
    ]
  ],
  "class_ids": [
    3,
    10,
    3,
    3,
    3,
    14,
    1,
    3,
    14
  ],
  "scores": [
    0.993726372718811,
    0.9810288548469543,
    0.9653701186180115,
    0.9324003458023071,
    0.9060881733894348,
    0.8544608354568481,
    0.8097965717315674,
    0.8089333176612854,
    0.8007979393005371
  ]
}