{
  "rois": [
    [
      158,
      772,
      356,
      1072
    ],
    [
      172,
      578,
      217,
      633
    ],
    [
      173,
      657,
      206,
      706
    ],
    [
      177,
      710,
      250,
      803
    ],
    [
      171,
      635,
      199,
      671
    ],
    [
      164,
      392,
      190,
      425
    ]
  ],
  "class_ids": [
    3,
    3,
    3,
    3,
    3,
    3
  ],
  "scores": [
    0.9957733750343323,
    0.9942122101783752,
    0.9826969504356384,
    0.9824571013450623,
    0.9651036858558655,
    0.7122684121131897
  ]
}