{
  "rois": [
    [
      173,
      309,
      315,
      455
    ],
    [
      172,
      6,
      375,
      322
    ],
    [
      172,
      656,
      199,
      696
    ],
    [
      164,
      618,
      187,
      650
    ],
    [
      146,
      692,
      159,
      710
    ],
    [
      161,
      743,
      223,
      771
    ],
    [
      146,
      676,
      159,
      693
    ],
    [
      216,
      195,
      262,
      231
    ],
    [
      171,
      599,
      186,
      616
    ],
    [
      189,
      1147,
      245,
      1227
    ],
    [
      154,
      652,
      177,
      673
    ],
    [
      144,
      702,
      160,
      722
    ]
  ],
  "class_ids": [
    3,
    3,
    3,
    3,
    3,
    59,
    3,
    1,
    3,
    59,
    3,
    3
  ],
  "scores": [
    0.9930021166801453,
    0.9746852517127991,
    0.9732775092124939,
    0.9624366164207458,
    0.8109483122825623,
    0.8085209131240845,
    0.8051630258560181,
    0.7553889751434326,
    0.7445986270904541,
    0.7272993326187134,
    0.7188658118247986,
    0.7055211663246155
  ]
}