{
  "rois": [
    [
      186,
      386,
      271,
      506
    ],
    [
      207,
      2,
      369,
      351
    ],
    [
      0,
      982,
      81,
      1094
    ]
  ],
  "class_ids": [
    3,
    3,
    12
  ],
  "scores": [
    0.9979323148727417,
    0.9958064556121826,
    0.8610571026802063
  ]
}