{
  "rois": [
    [
      232,
      0,
      368,
      341
    ],
    [
      187,
      369,
      278,
      507
    ],
    [
      177,
      473,
      211,
      511
    ],
    [
      173,
      520,
      219,
      571
    ],
    [
      173,
      590,
      220,
      644
    ],
    [
      164,
      110,
      278,
      332
    ],
    [
      173,
      562,
      196,
      591
    ],
    [
      172,
      119,
      208,
      145
    ],
    [
      205,
      41,
      227,
      62
    ]
  ],
  "class_ids": [
    3,
    3,
    3,
    3,
    3,
    3,
    3,
    1,
    1
  ],
  "scores": [
    0.997572124004364,
    0.9927335977554321,
    0.9904574155807495,
    0.9834848046302795,
    0.9821805953979492,
    0.9426050186157227,
    0.9333282709121704,
    0.7308955788612366,
    0.7081030607223511
  ]
}