{
  "rois": [
    [
      149,
      551,
      337,
      613
    ],
    [
      208,
      379,
      272,
      421
    ],
    [
      199,
      868,
      284,
      961
    ],
    [
      205,
      247,
      282,
      300
    ],
    [
      217,
      338,
      281,
      371
    ],
    [
      214,
      285,
      280,
      328
    ],
    [
      205,
      966,
      277,
      1015
    ]
  ],
  "class_ids": [
    1,
    2,
    2,
    2,
    2,
    2,
    2
  ],
  "scores": [
    0.9988446235656738,
    0.9614795446395874,
    0.9536107778549194,
    0.9309170246124268,
    0.8993622660636902,
    0.891021192073822,
    0.88726407289505
  ]
}