{
  "rois": [
    [
      74,
      21,
      313,
      463
    ],
    [
      175,
      563,
      192,
      584
    ],
    [
      219,
      595,
      230,
      608
    ]
  ],
  "class_ids": [
    7,
    3,
    3
  ],
  "scores": [
    0.9624727964401245,
    0.8873777389526367,
    0.7445922493934631
  ]
}