{
  "rois": [
    [
      173,
      451,
      224,
      529
    ],
    [
      175,
      535,
      199,
      564
    ],
    [
      174,
      585,
      215,
      633
    ],
    [
      215,
      797,
      260,
      815
    ],
    [
      173,
      407,
      193,
      435
    ],
    [
      213,
      797,
      304,
      817
    ]
  ],
  "class_ids": [
    3,
    3,
    3,
    13,
    3,
    11
  ],
  "scores": [
    0.9839938879013062,
    0.9709346294403076,
    0.9049979448318481,
    0.8856891989707947,
    0.8514387607574463,
    0.7280436158180237
  ]
}