{
  "rois": [
    [
      185,
      601,
      211,
      639
    ],
    [
      184,
      513,
      228,
      574
    ],
    [
      178,
      414,
      247,
      518
    ],
    [
      178,
      679,
      198,
      703
    ],
    [
      178,
      714,
      193,
      742
    ]
  ],
  "class_ids": [
    3,
    3,
    3,
    3,
    3
  ],
  "scores": [
    0.9903447031974792,
    0.9877040386199951,
    0.9700265526771545,
    0.8138298988342285,
    0.7210139632225037
  ]
}