{
  "rois": [
    [
      182,
      732,
      267,
      877
    ],
    [
      63,
      841,
      247,
      1110
    ],
    [
      0,
      309,
      96,
      380
    ],
    [
      180,
      659,
      217,
      709
    ],
    [
      178,
      715,
      206,
      758
    ],
    [
      186,
      149,
      220,
      167
    ],
    [
      165,
      542,
      177,
      557
    ],
    [
      177,
      629,
      193,
      649
    ],
    [
      165,
      548,
      174,
      566
    ],
    [
      33,
      362,
      92,
      387
    ],
    [
      185,
      1129,
      212,
      1150
    ],
    [
      74,
      455,
      100,
      464
    ],
    [
      41,
      290,
      89,
      310
    ]
  ],
  "class_ids": [
    3,
    8,
    10,
    3,
    3,
    11,
    3,
    3,
    3,
    10,
    12,
    10,
    10
  ],
  "scores": [
    0.996377170085907,
    0.9956254959106445,
    0.9930739402770996,
    0.9815497994422913,
    0.9659463167190552,
    0.9091830253601074,
    0.9082242250442505,
    0.8950332403182983,
    0.7678708434104919,
    0.7500126957893372,
    0.7426167726516724,
    0.7229048013687134,
    0.7210696339607239
  ]
}