{
  "rois": [
    [
      183,
      683,
      251,
      779
    ],
    [
      177,
      643,
      221,
      696
    ],
    [
      192,
      105,
      372,
      463
    ],
    [
      178,
      532,
      209,
      575
    ],
    [
      174,
      630,
      198,
      659
    ],
    [
      174,
      569,
      197,
      588
    ]
  ],
  "class_ids": [
    3,
    3,
    3,
    3,
    3,
    3
  ],
  "scores": [
    0.9981032609939575,
    0.9915475249290466,
    0.9815570116043091,
    0.9617409110069275,
    0.9612087607383728,
    0.9362792372703552
  ]
}