{
  "rois": [
    [
      180,
      329,
      235,
      359
    ],
    [
      172,
      568,
      185,
      582
    ],
    [
      170,
      606,
      184,
      622
    ],
    [
      182,
      636,
      199,
      660
    ]
  ],
  "class_ids": [
    1,
    3,
    3,
    3
  ],
  "scores": [
    0.9994366765022278,
    0.8693718314170837,
    0.8554837107658386,
    0.7021547555923462
  ],
  "masks": 