{
  "rois": [
    [
      183,
      388,
      199,
      422
    ],
    [
      174,
      511,
      188,
      530
    ],
    [
      164,
      680,
      191,
      689
    ]
  ],
  "class_ids": [
    3,
    3,
    1
  ],
  "scores": [
    0.9748133420944214,
    0.9534949064254761,
    0.7897692322731018
  ]
}