{
  "rois": [
    [
      176,
      541,
      194,
      567
    ],
    [
      178,
      567,
      222,
      617
    ],
    [
      178,
      476,
      203,
      513
    ],
    [
      179,
      329,
      213,
      352
    ],
    [
      174,
      569,
      195,
      607
    ]
  ],
  "class_ids": [
    3,
    3,
    3,
    1,
    3
  ],
  "scores": [
    0.9869022369384766,
    0.9754485487937927,
    0.9745113253593445,
    0.9180740714073181,
    0.82881760597229
  ]
}