{
  "rois": [
    [
      195,
      148,
      291,
      343
    ],
    [
      182,
      71,
      241,
      200
    ],
    [
      173,
      779,
      269,
      959
    ],
    [
      185,
      447,
      221,
      502
    ],
    [
      183,
      408,
      214,
      457
    ],
    [
      182,
      595,
      241,
      670
    ],
    [
      183,
      673,
      217,
      709
    ],
    [
      179,
      704,
      228,
      792
    ],
    [
      182,
      526,
      206,
      559
    ],
    [
      178,
      338,
      226,
      399
    ],
    [
      182,
      584,
      201,
      606
    ],
    [
      186,
      503,
      208,
      524
    ],
    [
      187,
      267,
      223,
      334
    ],
    [
      188,
      484,
      219,
      509
    ]
  ],
  "class_ids": [
    3,
    3,
    3,
    3,
    3,
    3,
    3,
    3,
    3,
    3,
    3,
    3,
    3,
    3
  ],
  "scores": [
    0.9958726763725281,
    0.9891669750213623,
    0.9869699478149414,
    0.9763470888137817,
    0.9755749702453613,
    0.9748852849006653,
    0.9707373976707458,
    0.9638935923576355,
    0.9519267678260803,
    0.9072379469871521,
    0.8609786629676819,
    0.769351601600647,
    0.7530863881111145,
    0.7060255408287048
  ]
}