{
  "rois": [
    [
      171,
      653,
      200,
      686
    ],
    [
      160,
      488,
      226,
      547
    ],
    [
      174,
      640,
      198,
      666
    ]
  ],
  "class_ids": [
    3,
    8,
    3
  ],
  "scores": [
    0.9853175282478333,
    0.9161047339439392,
    0.7099683284759521
  ]
}