{
  "rois": [
    [
      182,
      283,
      220,
      334
    ],
    [
      178,
      360,
      206,
      404
    ],
    [
      182,
      317,
      210,
      365
    ],
    [
      156,
      910,
      231,
      937
    ],
    [
      182,
      687,
      222,
      701
    ],
    [
      176,
      666,
      214,
      683
    ],
    [
      174,
      773,
      189,
      810
    ],
    [
      177,
      622,
      190,
      643
    ],
    [
      174,
      700,
      208,
      742
    ]
  ],
  "class_ids": [
    3,
    3,
    3,
    1,
    1,
    1,
    3,
    3,
    3
  ],
  "scores": [
    0.9912081956863403,
    0.9804509878158569,
    0.9792290925979614,
    0.9718911051750183,
    0.9668381810188293,
    0.9559444189071655,
    0.9090169072151184,
    0.8540441393852234,
    0.8031649589538574
  ]
}