{
  "rois": [
    [
      3,
      734,
      52,
      756
    ],
    [
      107,
      2,
      239,
      189
    ],
    [
      67,
      454,
      128,
      478
    ],
    [
      161,
      707,
      183,
      735
    ],
    [
      170,
      265,
      220,
      283
    ],
    [
      112,
      977,
      156,
      999
    ]
  ],
  "class_ids": [
    10,
    8,
    10,
    3,
    1,
    10
  ],
  "scores": [
    0.998104453086853,
    0.9940987825393677,
    0.9897895455360413,
    0.9168260097503662,
    0.9079186320304871,
    0.8875957727432251
  ]
}