{
  "rois": [
    [
      179,
      597,
      238,
      664
    ],
    [
      152,
      697,
      183,
      752
    ]
  ],
  "class_ids": [
    3,
    7
  ],
  "scores": [
    0.964195966720581,
    0.9583587646484375
  ]
}