{
  "rois": [
    [
      184,
      803,
      334,
      1163
    ],
    [
      183,
      508,
      217,
      555
    ],
    [
      181,
      284,
      244,
      368
    ],
    [
      179,
      477,
      201,
      505
    ],
    [
      163,
      650,
      296,
      905
    ],
    [
      176,
      412,
      192,
      431
    ],
    [
      178,
      380,
      206,
      408
    ],
    [
      175,
      443,
      188,
      468
    ],
    [
      188,
      648,
      252,
      684
    ],
    [
      174,
      423,
      190,
      437
    ],
    [
      183,
      501,
      209,
      519
    ]
  ],
  "class_ids": [
    3,
    3,
    3,
    3,
    3,
    3,
    3,
    3,
    3,
    3,
    3
  ],
  "scores": [
    0.9960556030273438,
    0.9928809404373169,
    0.9760540723800659,
    0.971583366394043,
    0.9611659049987793,
    0.9242884516716003,
    0.8941968083381653,
    0.8484340906143188,
    0.8435955047607422,
    0.8211036324501038,
    0.7914296984672546
  ]
}