{
  "rois": [
    [
      152,
      714,
      308,
      805
    ],
    [
      204,
      349,
      280,
      420
    ],
    [
      217,
      247,
      284,
      293
    ],
    [
      211,
      289,
      284,
      350
    ],
    [
      207,
      963,
      277,
      1029
    ],
    [
      176,
      495,
      255,
      558
    ],
    [
      197,
      863,
      281,
      959
    ],
    [
      214,
      336,
      279,
      366
    ]
  ],
  "class_ids": [
    1,
    2,
    2,
    2,
    2,
    59,
    2,
    2
  ],
  "scores": [
    0.9997228980064392,
    0.9888230562210083,
    0.9434682130813599,
    0.9179182648658752,
    0.912798285484314,
    0.8860582709312439,
    0.8130953311920166,
    0.7212307453155518
  ]
}