{
  "rois": [
    [
      187,
      364,
      241,
      450
    ],
    [
      178,
      654,
      201,
      683
    ],
    [
      175,
      434,
      228,
      496
    ],
    [
      170,
      686,
      210,
      735
    ],
    [
      171,
      731,
      194,
      756
    ],
    [
      80,
      1181,
      114,
      1194
    ],
    [
      150,
      1,
      233,
      54
    ]
  ],
  "class_ids": [
    3,
    3,
    3,
    3,
    3,
    10,
    59
  ],
  "scores": [
    0.9948737025260925,
    0.9902929067611694,
    0.988410234451294,
    0.9688490629196167,
    0.924692690372467,
    0.8735838532447815,
    0.7630757689476013
  ]
}