{
  "rois": [
    [
      173,
      237,
      361,
      302
    ],
    [
      170,
      746,
      287,
      790
    ],
    [
      164,
      192,
      344,
      246
    ],
    [
      231,
      44,
      372,
      119
    ],
    [
      195,
      1163,
      315,
      1240
    ],
    [
      264,
      177,
      314,
      216
    ],
    [
      198,
      449,
      241,
      474
    ],
    [
      178,
      537,
      214,
      555
    ],
    [
      173,
      737,
      215,
      758
    ],
    [
      172,
      499,
      221,
      514
    ],
    [
      173,
      457,
      227,
      478
    ],
    [
      178,
      547,
      214,
      561
    ],
    [
      188,
      1015,
      225,
      1032
    ]
  ],
  "class_ids": [
    1,
    1,
    1,
    59,
    2,
    27,
    2,
    1,
    1,
    1,
    1,
    1,
    1
  ],
  "scores": [
    0.9991856217384338,
    0.9985381364822388,
    0.9983804225921631,
    0.9928181171417236,
    0.9917524456977844,
    0.9628534317016602,
    0.9567151069641113,
    0.9365895986557007,
    0.9301689863204956,
    0.8850094676017761,
    0.7894372940063477,
    0.7830116152763367,
    0.7003747820854187
  ]
}