{
  "rois": [
    [
      178,
      406,
      217,
      457
    ],
    [
      179,
      458,
      206,
      512
    ],
    [
      190,
      79,
      276,
      272
    ],
    [
      180,
      274,
      238,
      376
    ],
    [
      184,
      366,
      225,
      423
    ],
    [
      179,
      533,
      194,
      558
    ],
    [
      8,
      658,
      26,
      670
    ],
    [
      171,
      555,
      186,
      574
    ],
    [
      151,
      691,
      183,
      734
    ]
  ],
  "class_ids": [
    3,
    3,
    3,
    3,
    3,
    3,
    10,
    3,
    7
  ],
  "scores": [
    0.9936507344245911,
    0.9935405850410461,
    0.9890531897544861,
    0.9873694777488708,
    0.986257791519165,
    0.9835431575775146,
    0.9043813347816467,
    0.8058268427848816,
    0.7088915705680847
  ]
}