{
  "rois": [
    [
      179,
      714,
      234,
      805
    ],
    [
      200,
      245,
      263,
      373
    ],
    [
      182,
      324,
      217,
      410
    ],
    [
      179,
      633,
      220,
      693
    ],
    [
      193,
      88,
      226,
      135
    ],
    [
      174,
      780,
      208,
      890
    ],
    [
      194,
      111,
      232,
      184
    ],
    [
      183,
      685,
      224,
      723
    ],
    [
      187,
      48,
      210,
      84
    ],
    [
      172,
      389,
      298,
      636
    ],
    [
      179,
      856,
      205,
      905
    ]
  ],
  "class_ids": [
    3,
    3,
    3,
    3,
    3,
    3,
    3,
    3,
    3,
    3,
    3
  ],
  "scores": [
    0.9873297214508057,
    0.9820725321769714,
    0.9790732860565186,
    0.9744656682014465,
    0.9723787903785706,
    0.9690964221954346,
    0.9689502120018005,
    0.9605922102928162,
    0.9386085867881775,
    0.8508602380752563,
    0.7938284277915955
  ]
}