{
  "rois": [
    [
      182,
      267,
      306,
      472
    ],
    [
      209,
      918,
      370,
      1240
    ],
    [
      173,
      688,
      255,
      800
    ],
    [
      167,
      640,
      207,
      683
    ]
  ],
  "class_ids": [
    3,
    3,
    3,
    3
  ],
  "scores": [
    0.9988540410995483,
    0.9946277737617493,
    0.9945995807647705,
    0.990207850933075
  ]
}