{
  "rois": [
    [
      158,
      152,
      304,
      198
    ],
    [
      217,
      347,
      281,
      417
    ],
    [
      218,
      250,
      282,
      292
    ],
    [
      221,
      284,
      282,
      338
    ],
    [
      202,
      882,
      280,
      994
    ],
    [
      224,
      340,
      281,
      367
    ],
    [
      206,
      963,
      277,
      1014
    ],
    [
      160,
      354,
      263,
      414
    ]
  ],
  "class_ids": [
    1,
    2,
    2,
    2,
    2,
    2,
    2,
    1
  ],
  "scores": [
    0.9991282820701599,
    0.9492446780204773,
    0.9356555938720703,
    0.9276609420776367,
    0.9165061712265015,
    0.8945158123970032,
    0.8210726976394653,
    0.7216365337371826
  ]
}