{
  "rois": [
    [
      200,
      3,
      352,
      226
    ],
    [
      167,
      689,
      232,
      793
    ],
    [
      174,
      476,
      204,
      532
    ],
    [
      177,
      359,
      226,
      500
    ],
    [
      162,
      671,
      215,
      719
    ],
    [
      284,
      1,
      369,
      65
    ],
    [
      129,
      827,
      350,
      1239
    ]
  ],
  "class_ids": [
    3,
    3,
    3,
    3,
    3,
    3,
    9
  ],
  "scores": [
    0.9950944185256958,
    0.9917582869529724,
    0.9837930798530579,
    0.981604814529419,
    0.9801283478736877,
    0.9254264831542969,
    0.7839145064353943
  ]
}