{
  "rois": [
    [
      191,
      145,
      371,
      269
    ],
    [
      164,
      962,
      284,
      1012
    ],
    [
      173,
      423,
      285,
      485
    ],
    [
      166,
      522,
      231,
      544
    ],
    [
      214,
      848,
      362,
      956
    ],
    [
      168,
      581,
      238,
      606
    ],
    [
      197,
      695,
      245,
      741
    ],
    [
      167,
      555,
      222,
      572
    ],
    [
      183,
      229,
      309,
      280
    ],
    [
      209,
      254,
      304,
      380
    ],
    [
      167,
      620,
      209,
      636
    ],
    [
      227,
      791,
      350,
      863
    ],
    [
      168,
      610,
      209,
      624
    ],
    [
      167,
      565,
      222,
      579
    ],
    [
      165,
      601,
      211,
      615
    ],
    [
      204,
      373,
      254,
      407
    ],
    [
      154,
      680,
      194,
      700
    ],
    [
      186,
      643,
      218,
      679
    ],
    [
      167,
      546,
      215,
      563
    ]
  ],
  "class_ids": [
    1,
    1,
    1,
    1,
    2,
    1,
    2,
    1,
    1,
    4,
    1,
    2,
    1,
    1,
    1,
    4,
    1,
    2,
    1
  ],
  "scores": [
    0.9992850422859192,
    0.9990391731262207,
    0.9976338148117065,
    0.9930844306945801,
    0.9901024103164673,
    0.9894060492515564,
    0.986656665802002,
    0.978240966796875,
    0.9767599701881409,
    0.9602116942405701,
    0.9529030919075012,
    0.923657238483429,
    0.9030035734176636,
    0.8264073133468628,
    0.8052092790603638,
    0.7852839231491089,
    0.7849195599555969,
    0.7846026420593262,
    0.736842691898346
  ]
}