{
  "rois": [
    [
      154,
      882,
      256,
      936
    ],
    [
      191,
      241,
      259,
      272
    ],
    [
      171,
      650,
      206,
      663
    ],
    [
      171,
      444,
      223,
      509
    ],
    [
      174,
      1106,
      200,
      1146
    ]
  ],
  "class_ids": [
    1,
    1,
    1,
    3,
    3
  ],
  "scores": [
    0.9995201826095581,
    0.9971083998680115,
    0.9693819880485535,
    0.9436312317848206,
    0.8107447624206543
  ]
}