{
  "rois": [
    [
      175,
      695,
      207,
      738
    ],
    [
      157,
      1055,
      183,
      1118
    ],
    [
      186,
      27,
      260,
      222
    ],
    [
      165,
      892,
      183,
      942
    ],
    [
      178,
      254,
      201,
      303
    ],
    [
      177,
      802,
      189,
      834
    ],
    [
      96,
      647,
      113,
      655
    ],
    [
      176,
      594,
      188,
      613
    ],
    [
      152,
      928,
      182,
      999
    ],
    [
      131,
      757,
      153,
      771
    ]
  ],
  "class_ids": [
    3,
    3,
    3,
    3,
    3,
    3,
    10,
    3,
    6,
    10
  ],
  "scores": [
    0.9957011342048645,
    0.9718471169471741,
    0.967868447303772,
    0.915166437625885,
    0.8942673802375793,
    0.8893247246742249,
    0.8563980460166931,
    0.7792921662330627,
    0.7688713669776917,
    0.7011874914169312
  ]
}