{
  "rois": [
    [
      187,
      751,
      305,
      930
    ],
    [
      23,
      0,
      375,
      431
    ],
    [
      180,
      549,
      204,
      577
    ],
    [
      168,
      631,
      213,
      685
    ],
    [
      177,
      533,
      200,
      554
    ]
  ],
  "class_ids": [
    3,
    8,
    3,
    8,
    3
  ],
  "scores": [
    0.9954811334609985,
    0.9945713877677917,
    0.9651156663894653,
    0.9020156860351562,
    0.8490464091300964
  ]
}