{
  "rois": [
    [
      177,
      422,
      256,
      528
    ],
    [
      185,
      232,
      231,
      320
    ],
    [
      172,
      580,
      197,
      614
    ],
    [
      175,
      664,
      221,
      714
    ],
    [
      184,
      144,
      224,
      161
    ],
    [
      163,
      682,
      211,
      708
    ],
    [
      167,
      653,
      209,
      672
    ],
    [
      129,
      425,
      154,
      443
    ]
  ],
  "class_ids": [
    3,
    3,
    3,
    4,
    1,
    1,
    1,
    10
  ],
  "scores": [
    0.9949195981025696,
    0.9717686176300049,
    0.9548200964927673,
    0.9027607440948486,
    0.9022311568260193,
    0.887208878993988,
    0.8008090257644653,
    0.7572401165962219
  ]
}