{
  "rois": [
    [
      188,
      1,
      372,
      123
    ],
    [
      184,
      559,
      236,
      619
    ],
    [
      181,
      616,
      220,
      671
    ],
    [
      188,
      455,
      260,
      569
    ],
    [
      196,
      55,
      370,
      384
    ],
    [
      173,
      733,
      198,
      756
    ]
  ],
  "class_ids": [
    3,
    3,
    3,
    3,
    8,
    3
  ],
  "scores": [
    0.9958614706993103,
    0.941867470741272,
    0.9329746961593628,
    0.9307195544242859,
    0.809547483921051,
    0.7317301630973816
  ]
}