{
  "rois": [
    [
      183,
      660,
      239,
      725
    ],
    [
      192,
      345,
      240,
      424
    ],
    [
      187,
      746,
      207,
      778
    ],
    [
      189,
      206,
      279,
      358
    ],
    [
      3,
      0,
      373,
      215
    ],
    [
      136,
      412,
      215,
      504
    ],
    [
      194,
      724,
      208,
      747
    ]
  ],
  "class_ids": [
    3,
    3,
    3,
    3,
    6,
    8,
    3
  ],
  "scores": [
    0.9885889291763306,
    0.9808688163757324,
    0.980810821056366,
    0.9682326316833496,
    0.9342843294143677,
    0.880968451499939,
    0.843704104423523
  ]
}