{
  "rois": [
    [
      182,
      804,
      328,
      966
    ],
    [
      189,
      660,
      223,
      700
    ],
    [
      177,
      698,
      224,
      718
    ],
    [
      219,
      461,
      261,
      492
    ]
  ],
  "class_ids": [
    8,
    3,
    1,
    14
  ],
  "scores": [
    0.9761953949928284,
    0.9285092949867249,
    0.7379352450370789,
    0.7282717227935791
  ]
}