{
  "rois": [
    [
      195,
      1129,
      248,
      1242
    ],
    [
      195,
      972,
      245,
      1095
    ],
    [
      177,
      509,
      204,
      542
    ],
    [
      176,
      557,
      215,
      600
    ],
    [
      36,
      126,
      65,
      143
    ],
    [
      109,
      917,
      142,
      937
    ],
    [
      166,
      388,
      217,
      406
    ],
    [
      112,
      891,
      145,
      914
    ],
    [
      136,
      758,
      157,
      767
    ]
  ],
  "class_ids": [
    3,
    3,
    3,
    3,
    10,
    10,
    1,
    10,
    10
  ],
  "scores": [
    0.9976025223731995,
    0.9967489242553711,
    0.9911224842071533,
    0.9762503504753113,
    0.9388440251350403,
    0.9159324765205383,
    0.8786365985870361,
    0.8752149343490601,
    0.8726539611816406
  ]
}