{
  "rois": [
    [
      159,
      930,
      229,
      959
    ],
    [
      181,
      273,
      219,
      330
    ],
    [
      180,
      314,
      210,
      358
    ],
    [
      176,
      352,
      203,
      394
    ],
    [
      192,
      121,
      227,
      157
    ],
    [
      174,
      784,
      191,
      820
    ],
    [
      172,
      673,
      215,
      688
    ],
    [
      61,
      3,
      235,
      129
    ],
    [
      177,
      377,
      201,
      412
    ],
    [
      176,
      464,
      189,
      485
    ],
    [
      178,
      695,
      223,
      713
    ],
    [
      171,
      708,
      202,
      751
    ],
    [
      178,
      402,
      195,
      427
    ],
    [
      179,
      519,
      192,
      535
    ],
    [
      175,
      761,
      198,
      781
    ]
  ],
  "class_ids": [
    1,
    3,
    3,
    3,
    3,
    3,
    1,
    6,
    3,
    3,
    1,
    3,
    3,
    3,
    3
  ],
  "scores": [
    0.9969918727874756,
    0.9913780689239502,
    0.9870577454566956,
    0.9821447134017944,
    0.949960470199585,
    0.9433955550193787,
    0.9415043592453003,
    0.8931334018707275,
    0.8583475947380066,
    0.8488643169403076,
    0.8452876806259155,
    0.8104534149169922,
    0.7889637351036072,
    0.7887535095214844,
    0.774878203868866
  ]
}