{
  "rois": [
    [
      188,
      368,
      291,
      543
    ],
    [
      180,
      824,
      254,
      920
    ],
    [
      202,
      1009,
      369,
      1241
    ],
    [
      176,
      808,
      233,
      854
    ],
    [
      178,
      561,
      228,
      642
    ],
    [
      172,
      750,
      196,
      788
    ],
    [
      175,
      662,
      204,
      705
    ],
    [
      179,
      620,
      214,
      649
    ],
    [
      174,
      785,
      215,
      816
    ],
    [
      174,
      635,
      208,
      663
    ],
    [
      168,
      892,
      187,
      920
    ],
    [
      178,
      562,
      196,
      585
    ]
  ],
  "class_ids": [
    3,
    3,
    3,
    3,
    3,
    3,
    3,
    3,
    3,
    3,
    3,
    3
  ],
  "scores": [
    0.998105525970459,
    0.9971961975097656,
    0.9940187931060791,
    0.9938154220581055,
    0.9909511804580688,
    0.9772164821624756,
    0.9745587706565857,
    0.9671416878700256,
    0.966854453086853,
    0.947459876537323,
    0.9383097887039185,
    0.8817732930183411
  ]
}