{
  "rois": [
    [
      175,
      575,
      206,
      609
    ],
    [
      164,
      605,
      186,
      627
    ],
    [
      171,
      559,
      197,
      581
    ]
  ],
  "class_ids": [
    3,
    3,
    3
  ],
  "scores": [
    0.9768357276916504,
    0.9730406999588013,
    0.8278270363807678
  ]
}