{
  "rois": [
    [
      177,
      345,
      219,
      360
    ],
    [
      181,
      446,
      206,
      456
    ],
    [
      181,
      493,
      202,
      504
    ],
    [
      180,
      589,
      196,
      608
    ],
    [
      130,
      32,
      296,
      316
    ]
  ],
  "class_ids": [
    1,
    1,
    1,
    3,
    3
  ],
  "scores": [
    0.9768112897872925,
    0.9024359583854675,
    0.8707537055015564,
    0.8695983290672302,
    0.8080936670303345
  ]
}