{
  "rois": [
    [
      172,
      699,
      202,
      741
    ],
    [
      182,
      359,
      298,
      567
    ],
    [
      156,
      1170,
      176,
      1203
    ],
    [
      155,
      1205,
      174,
      1242
    ],
    [
      172,
      667,
      197,
      700
    ],
    [
      159,
      1042,
      176,
      1080
    ],
    [
      189,
      3,
      322,
      326
    ],
    [
      84,
      12,
      224,
      446
    ],
    [
      160,
      1135,
      177,
      1171
    ],
    [
      159,
      1103,
      178,
      1139
    ],
    [
      158,
      890,
      173,
      919
    ],
    [
      159,
      829,
      173,
      882
    ],
    [
      160,
      969,
      177,
      1002
    ],
    [
      159,
      928,
      173,
      950
    ],
    [
      159,
      1035,
      175,
      1053
    ],
    [
      179,
      540,
      196,
      562
    ],
    [
      176,
      508,
      199,
      556
    ],
    [
      99,
      925,
      137,
      941
    ],
    [
      169,
      477,
      187,
      511
    ],
    [
      160,
      863,
      172,
      885
    ]
  ],
  "class_ids": [
    3,
    3,
    3,
    3,
    3,
    3,
    3,
    8,
    3,
    3,
    3,
    3,
    3,
    3,
    3,
    3,
    3,
    10,
    3,
    3
  ],
  "scores": [
    0.9943923354148865,
    0.9890700578689575,
    0.9887263178825378,
    0.9873028993606567,
    0.9872655868530273,
    0.9870081543922424,
    0.98653244972229,
    0.9857369661331177,
    0.9700683951377869,
    0.9691943526268005,
    0.9687392711639404,
    0.9393587708473206,
    0.9344040751457214,
    0.9290919899940491,
    0.9134629368782043,
    0.8962805867195129,
    0.7971011996269226,
    0.7888492345809937,
    0.7594517469406128,
    0.7078914046287537
  ]
}