{
  "rois": [
    [
      197,
      45,
      285,
      326
    ],
    [
      178,
      476,
      204,
      545
    ],
    [
      178,
      524,
      197,
      550
    ],
    [
      167,
      436,
      205,
      450
    ],
    [
      157,
      951,
      175,
      986
    ],
    [
      176,
      629,
      189,
      648
    ],
    [
      175,
      615,
      188,
      634
    ],
    [
      176,
      559,
      191,
      579
    ],
    [
      181,
      369,
      217,
      383
    ]
  ],
  "class_ids": [
    3,
    3,
    3,
    1,
    3,
    3,
    3,
    3,
    1
  ],
  "scores": [
    0.9976310729980469,
    0.9896453619003296,
    0.915037214756012,
    0.8662869334220886,
    0.8229607939720154,
    0.8176518678665161,
    0.7733085751533508,
    0.7480370998382568,
    0.7309277057647705
  ]
}