{
  "rois": [
    [
      181,
      372,
      201,
      411
    ],
    [
      176,
      508,
      189,
      526
    ],
    [
      198,
      614,
      358,
      1222
    ],
    [
      181,
      773,
      201,
      792
    ]
  ],
  "class_ids": [
    3,
    3,
    7,
    14
  ],
  "scores": [
    0.9779694080352783,
    0.9698558449745178,
    0.795617401599884,
    0.7188523411750793
  ]
}