{
  "rois": [
    [
      259,
      0,
      371,
      152
    ],
    [
      195,
      515,
      233,
      562
    ],
    [
      176,
      572,
      197,
      597
    ]
  ],
  "class_ids": [
    3,
    3,
    3
  ],
  "scores": [
    0.9935283064842224,
    0.9917545318603516,
    0.9248048663139343
  ]
}