{
  "rois": [
    [
      187,
      137,
      221,
      206
    ],
    [
      192,
      178,
      248,
      367
    ],
    [
      178,
      612,
      194,
      647
    ]
  ],
  "class_ids": [
    3,
    3,
    3
  ],
  "scores": [
    0.9951239228248596,
    0.9903194904327393,
    0.8042547702789307
  ]
}