{
  "rois": [
    [
      188,
      189,
      212,
      223
    ],
    [
      194,
      1208,
      227,
      1242
    ],
    [
      200,
      1103,
      224,
      1152
    ],
    [
      181,
      641,
      197,
      674
    ],
    [
      184,
      833,
      207,
      879
    ],
    [
      184,
      688,
      200,
      717
    ],
    [
      185,
      769,
      203,
      803
    ],
    [
      184,
      733,
      201,
      761
    ],
    [
      192,
      1048,
      214,
      1080
    ],
    [
      202,
      1157,
      226,
      1217
    ],
    [
      194,
      1004,
      220,
      1041
    ],
    [
      184,
      265,
      207,
      293
    ],
    [
      193,
      524,
      220,
      550
    ],
    [
      193,
      482,
      209,
      502
    ],
    [
      183,
      281,
      203,
      305
    ],
    [
      195,
      1081,
      215,
      1105
    ],
    [
      194,
      962,
      217,
      996
    ],
    [
      187,
      503,
      206,
      524
    ],
    [
      194,
      926,
      216,
      961
    ],
    [
      195,
      890,
      212,
      914
    ],
    [
      187,
      572,
      219,
      608
    ],
    [
      183,
      814,
      202,
      837
    ],
    [
      131,
      716,
      166,
      735
    ]
  ],
  "class_ids": [
    3,
    3,
    3,
    3,
    3,
    3,
    3,
    3,
    3,
    3,
    3,
    3,
    3,
    3,
    3,
    3,
    3,
    3,
    3,
    3,
    3,
    3,
    10
  ],
  "scores": [
    0.9879459142684937,
    0.9878174662590027,
    0.9865664839744568,
    0.984370231628418,
    0.9784644842147827,
    0.9773268103599548,
    0.9762949347496033,
    0.9700681567192078,
    0.9696341753005981,
    0.9601209163665771,
    0.9498841166496277,
    0.9473258256912231,
    0.9381852746009827,
    0.9208462238311768,
    0.9172471761703491,
    0.9053189158439636,
    0.8891388177871704,
    0.8849506378173828,
    0.881771981716156,
    0.8239933848381042,
    0.8176149725914001,
    0.7726143598556519,
    0.7105168104171753
  ]
}