{
  "rois": [
    [
      176,
      670,
      203,
      712
    ],
    [
      168,
      593,
      199,
      635
    ],
    [
      160,
      631,
      183,
      654
    ],
    [
      151,
      658,
      164,
      678
    ],
    [
      152,
      675,
      165,
      692
    ],
    [
      154,
      685,
      169,
      717
    ],
    [
      145,
      686,
      160,
      711
    ],
    [
      26,
      224,
      76,
      246
    ],
    [
      165,
      622,
      188,
      643
    ]
  ],
  "class_ids": [
    3,
    3,
    3,
    3,
    3,
    3,
    3,
    10,
    3
  ],
  "scores": [
    0.9832495450973511,
    0.9670323133468628,
    0.9404006600379944,
    0.8824587464332581,
    0.8772289752960205,
    0.8234183192253113,
    0.7839199304580688,
    0.7813335657119751,
    0.7502293586730957
  ]
}