{
  "rois": [
    [
      182,
      544,
      202,
      569
    ],
    [
      182,
      570,
      198,
      588
    ],
    [
      180,
      578,
      196,
      597
    ]
  ],
  "class_ids": [
    3,
    3,
    3
  ],
  "scores": [
    0.9110805988311768,
    0.8660905361175537,
    0.7172178030014038
  ]
}