{
  "rois": [
    [
      201,
      1,
      371,
      382
    ],
    [
      156,
      1170,
      176,
      1203
    ],
    [
      158,
      1042,
      176,
      1081
    ],
    [
      155,
      1206,
      174,
      1242
    ],
    [
      94,
      129,
      229,
      465
    ],
    [
      177,
      490,
      205,
      525
    ],
    [
      159,
      1104,
      178,
      1138
    ],
    [
      159,
      1135,
      177,
      1171
    ],
    [
      178,
      541,
      197,
      563
    ],
    [
      158,
      890,
      173,
      919
    ],
    [
      173,
      671,
      205,
      733
    ],
    [
      159,
      830,
      173,
      882
    ],
    [
      160,
      969,
      177,
      1002
    ],
    [
      173,
      659,
      197,
      684
    ],
    [
      159,
      927,
      173,
      949
    ],
    [
      159,
      1035,
      175,
      1053
    ],
    [
      98,
      925,
      137,
      941
    ]
  ],
  "class_ids": [
    3,
    3,
    3,
    3,
    8,
    3,
    3,
    3,
    3,
    3,
    3,
    3,
    3,
    3,
    3,
    3,
    10
  ],
  "scores": [
    0.9989328980445862,
    0.9886823892593384,
    0.9881289601325989,
    0.9855576157569885,
    0.9816666841506958,
    0.9795370101928711,
    0.9710999727249146,
    0.9697292447090149,
    0.9694247841835022,
    0.9664212465286255,
    0.9591206312179565,
    0.9483664035797119,
    0.9430721402168274,
    0.9273884892463684,
    0.9201814532279968,
    0.907636821269989,
    0.830973207950592
  ]
}