{
  "rois": [
    [
      172,
      504,
      194,
      558
    ],
    [
      159,
      928,
      175,
      999
    ],
    [
      173,
      447,
      200,
      546
    ],
    [
      104,
      1136,
      138,
      1172
    ],
    [
      172,
      608,
      189,
      629
    ],
    [
      157,
      995,
      175,
      1042
    ]
  ],
  "class_ids": [
    3,
    3,
    3,
    10,
    3,
    3
  ],
  "scores": [
    0.9133113026618958,
    0.8784258961677551,
    0.848763644695282,
    0.8172817826271057,
    0.7988792657852173,
    0.7685067653656006
  ]
}