{
  "rois": [
    [
      186,
      880,
      248,
      978
    ],
    [
      172,
      334,
      242,
      507
    ],
    [
      184,
      417,
      214,
      446
    ],
    [
      168,
      836,
      213,
      897
    ]
  ],
  "class_ids": [
    3,
    3,
    1,
    3
  ],
  "scores": [
    0.9907998442649841,
    0.9639435410499573,
    0.909485936164856,
    0.8617972731590271
  ]
}