{
  "rois": [
    [
      272,
      1035,
      374,
      1238
    ],
    [
      186,
      333,
      293,
      484
    ],
    [
      180,
      801,
      334,
      1024
    ],
    [
      180,
      659,
      222,
      713
    ],
    [
      184,
      709,
      273,
      821
    ],
    [
      139,
      442,
      236,
      543
    ],
    [
      178,
      553,
      194,
      577
    ],
    [
      173,
      607,
      195,
      624
    ],
    [
      173,
      618,
      199,
      651
    ],
    [
      176,
      542,
      194,
      563
    ]
  ],
  "class_ids": [
    3,
    3,
    3,
    3,
    3,
    8,
    3,
    3,
    3,
    3
  ],
  "scores": [
    0.9949361085891724,
    0.9923049807548523,
    0.9907252192497253,
    0.988326370716095,
    0.9868547916412354,
    0.976418673992157,
    0.9091315865516663,
    0.7435693144798279,
    0.7349629998207092,
    0.7171688079833984
  ]
}