{
  "rois": [
    [
      187,
      34,
      230,
      120
    ],
    [
      184,
      116,
      222,
      190
    ],
    [
      185,
      187,
      216,
      247
    ],
    [
      186,
      271,
      206,
      308
    ],
    [
      186,
      237,
      210,
      289
    ],
    [
      164,
      454,
      189,
      464
    ],
    [
      130,
      573,
      210,
      642
    ]
  ],
  "class_ids": [
    3,
    3,
    3,
    3,
    3,
    1,
    7
  ],
  "scores": [
    0.9931244254112244,
    0.9829189777374268,
    0.9787907004356384,
    0.9707175493240356,
    0.9452843070030212,
    0.9452033638954163,
    0.9233303666114807
  ]
}