{
  "rois": [
    [
      241,
      1133,
      372,
      1242
    ],
    [
      180,
      1152,
      226,
      1242
    ],
    [
      85,
      954,
      142,
      977
    ],
    [
      183,
      553,
      311,
      701
    ],
    [
      90,
      741,
      141,
      763
    ],
    [
      196,
      284,
      223,
      335
    ],
    [
      184,
      961,
      227,
      1100
    ],
    [
      103,
      389,
      128,
      401
    ],
    [
      0,
      600,
      30,
      631
    ],
    [
      194,
      341,
      218,
      392
    ],
    [
      108,
      981,
      140,
      1001
    ],
    [
      187,
      395,
      213,
      446
    ],
    [
      186,
      441,
      208,
      458
    ]
  ],
  "class_ids": [
    3,
    3,
    10,
    3,
    10,
    3,
    3,
    10,
    10,
    3,
    10,
    3,
    3
  ],
  "scores": [
    0.9914496541023254,
    0.991010308265686,
    0.9903727769851685,
    0.9849309921264648,
    0.9689487814903259,
    0.9683552980422974,
    0.9534090757369995,
    0.9434047937393188,
    0.9377149939537048,
    0.9110040068626404,
    0.8996050357818604,
    0.816062331199646,
    0.8123151659965515
  ]
}