{
  "rois": [
    [
      1,
      233,
      83,
      283
    ],
    [
      1,
      129,
      77,
      233
    ],
    [
      187,
      665,
      205,
      691
    ],
    [
      197,
      920,
      229,
      936
    ],
    [
      160,
      795,
      172,
      807
    ],
    [
      201,
      1177,
      227,
      1202
    ],
    [
      123,
      1064,
      148,
      1079
    ],
    [
      78,
      428,
      108,
      439
    ]
  ],
  "class_ids": [
    10,
    10,
    3,
    11,
    12,
    12,
    10,
    10
  ],
  "scores": [
    0.9896447658538818,
    0.9884250164031982,
    0.9321975708007812,
    0.8885313272476196,
    0.8520074486732483,
    0.8137586116790771,
    0.7748420238494873,
    0.7350563406944275
  ]
}