{
  "rois": [
    [
      193,
      976,
      369,
      1111
    ],
    [
      180,
      594,
      226,
      660
    ],
    [
      246,
      1088,
      374,
      1241
    ],
    [
      175,
      225,
      241,
      331
    ],
    [
      181,
      18,
      273,
      237
    ],
    [
      238,
      0,
      375,
      63
    ],
    [
      178,
      304,
      265,
      495
    ],
    [
      180,
      760,
      256,
      873
    ],
    [
      165,
      723,
      234,
      811
    ],
    [
      172,
      499,
      214,
      551
    ],
    [
      177,
      0,
      257,
      97
    ],
    [
      189,
      819,
      319,
      1031
    ],
    [
      173,
      448,
      218,
      517
    ],
    [
      170,
      309,
      209,
      374
    ],
    [
      171,
      642,
      191,
      667
    ],
    [
      168,
      581,
      190,
      601
    ],
    [
      169,
      603,
      185,
      637
    ],
    [
      161,
      545,
      194,
      589
    ],
    [
      186,
      213,
      259,
      234
    ]
  ],
  "class_ids": [
    1,
    3,
    3,
    3,
    3,
    3,
    3,
    3,
    3,
    3,
    3,
    3,
    3,
    3,
    3,
    3,
    3,
    3,
    3
  ],
  "scores": [
    0.9995859265327454,
    0.9983739852905273,
    0.995944082736969,
    0.992960512638092,
    0.9928687214851379,
    0.9916702508926392,
    0.9890488386154175,
    0.9867297410964966,
    0.9831014275550842,
    0.9828909039497375,
    0.9783797264099121,
    0.9761764407157898,
    0.9723619222640991,
    0.9160917401313782,
    0.8766477108001709,
    0.8474872708320618,
    0.8464826345443726,
    0.8428989052772522,
    0.7651287317276001
  ]
}