{
  "rois": [
    [
      183,
      683,
      260,
      801
    ],
    [
      151,
      675,
      218,
      1063
    ]
  ],
  "class_ids": [
    3,
    6
  ],
  "scores": [
    0.9895904660224915,
    0.7702010869979858
  ]
}