{
  "rois": [
    [
      198,
      327,
      305,
      498
    ],
    [
      1,
      751,
      375,
      1209
    ],
    [
      177,
      660,
      225,
      717
    ],
    [
      187,
      466,
      241,
      537
    ],
    [
      176,
      705,
      270,
      763
    ],
    [
      173,
      635,
      202,
      665
    ]
  ],
  "class_ids": [
    3,
    6,
    3,
    3,
    3,
    3
  ],
  "scores": [
    0.9986912608146667,
    0.9976110458374023,
    0.9968994855880737,
    0.9964917302131653,
    0.9953540563583374,
    0.9910275340080261
  ]
}