{
  "rois": [
    [
      207,
      946,
      375,
      1241
    ],
    [
      192,
      5,
      373,
      398
    ],
    [
      176,
      604,
      259,
      722
    ],
    [
      168,
      741,
      207,
      793
    ],
    [
      177,
      347,
      349,
      618
    ],
    [
      181,
      885,
      235,
      955
    ],
    [
      165,
      804,
      185,
      830
    ],
    [
      170,
      863,
      194,
      889
    ],
    [
      172,
      782,
      197,
      802
    ],
    [
      165,
      819,
      182,
      839
    ],
    [
      179,
      947,
      196,
      968
    ]
  ],
  "class_ids": [
    3,
    3,
    3,
    3,
    3,
    3,
    3,
    3,
    3,
    3,
    3
  ],
  "scores": [
    0.9953926801681519,
    0.9940013289451599,
    0.9925376772880554,
    0.9894295334815979,
    0.981678307056427,
    0.9722654223442078,
    0.9717159271240234,
    0.9594191312789917,
    0.9089341759681702,
    0.7333536744117737,
    0.7148492336273193
  ]
}