{
  "rois": [
    [
      189,
      304,
      249,
      410
    ],
    [
      180,
      828,
      287,
      927
    ],
    [
      162,
      903,
      364,
      1234
    ],
    [
      181,
      430,
      201,
      467
    ],
    [
      183,
      488,
      200,
      517
    ],
    [
      178,
      661,
      204,
      694
    ],
    [
      176,
      761,
      258,
      875
    ],
    [
      174,
      685,
      221,
      772
    ],
    [
      174,
      589,
      216,
      639
    ],
    [
      182,
      403,
      199,
      431
    ],
    [
      173,
      525,
      189,
      546
    ],
    [
      175,
      640,
      198,
      663
    ],
    [
      170,
      556,
      185,
      577
    ],
    [
      166,
      1159,
      213,
      1240
    ]
  ],
  "class_ids": [
    3,
    3,
    3,
    3,
    3,
    3,
    3,
    3,
    3,
    3,
    3,
    3,
    3,
    3
  ],
  "scores": [
    0.9970821738243103,
    0.9944673776626587,
    0.993466317653656,
    0.9793803095817566,
    0.976477324962616,
    0.9754466414451599,
    0.9632725715637207,
    0.936913251876831,
    0.9181640148162842,
    0.9105218648910522,
    0.887755274772644,
    0.8726537823677063,
    0.8380492329597473,
    0.7575100064277649
  ]
}