{
  "rois": [
    [
      196,
      112,
      235,
      214
    ],
    [
      196,
      681,
      223,
      693
    ],
    [
      167,
      527,
      189,
      552
    ],
    [
      198,
      59,
      220,
      103
    ],
    [
      187,
      59,
      221,
      155
    ],
    [
      183,
      437,
      216,
      451
    ]
  ],
  "class_ids": [
    3,
    1,
    3,
    3,
    3,
    1
  ],
  "scores": [
    0.9783147573471069,
    0.9611346125602722,
    0.929591953754425,
    0.8873808979988098,
    0.8203908205032349,
    0.7432795763015747
  ]
}