{
  "rois": [
    [
      178,
      286,
      234,
      310
    ],
    [
      194,
      3,
      319,
      231
    ],
    [
      176,
      436,
      207,
      447
    ],
    [
      172,
      580,
      191,
      601
    ],
    [
      176,
      466,
      198,
      475
    ],
    [
      172,
      487,
      193,
      496
    ],
    [
      172,
      559,
      188,
      577
    ],
    [
      171,
      492,
      192,
      501
    ],
    [
      168,
      534,
      188,
      544
    ]
  ],
  "class_ids": [
    1,
    3,
    1,
    3,
    1,
    1,
    3,
    1,
    1
  ],
  "scores": [
    0.9917037487030029,
    0.9667379856109619,
    0.9525646567344666,
    0.9472325444221497,
    0.9209659099578857,
    0.8708402514457703,
    0.8581519722938538,
    0.8396996855735779,
    0.7646450400352478
  ]
}