{
  "rois": [
    [
      182,
      471,
      211,
      517
    ],
    [
      178,
      513,
      198,
      530
    ]
  ],
  "class_ids": [
    3,
    3
  ],
  "scores": [
    0.9898804426193237,
    0.8997439742088318
  ]
}