{
  "rois": [
    [
      203,
      11,
      266,
      123
    ],
    [
      201,
      0,
      246,
      39
    ],
    [
      158,
      223,
      195,
      244
    ],
    [
      190,
      391,
      250,
      405
    ]
  ],
  "class_ids": [
    3,
    3,
    10,
    1
  ],
  "scores": [
    0.9975940585136414,
    0.9796700477600098,
    0.9496570825576782,
    0.7408464550971985
  ]
}