{
  "rois": [
    [
      171,
      396,
      330,
      501
    ],
    [
      211,
      352,
      280,
      421
    ],
    [
      209,
      249,
      282,
      307
    ],
    [
      200,
      955,
      277,
      1010
    ],
    [
      210,
      310,
      281,
      349
    ],
    [
      215,
      341,
      279,
      371
    ],
    [
      212,
      287,
      280,
      325
    ],
    [
      197,
      851,
      282,
      930
    ],
    [
      206,
      925,
      277,
      966
    ]
  ],
  "class_ids": [
    1,
    2,
    2,
    2,
    2,
    2,
    2,
    4,
    2
  ],
  "scores": [
    0.9995530247688293,
    0.980165958404541,
    0.9637820720672607,
    0.9429830312728882,
    0.9325549602508545,
    0.8075029850006104,
    0.778815746307373,
    0.7263940572738647,
    0.7174749374389648
  ]
}