{
  "rois": [
    [
      178,
      536,
      194,
      570
    ],
    [
      173,
      715,
      193,
      742
    ],
    [
      164,
      831,
      183,
      864
    ],
    [
      155,
      903,
      177,
      950
    ],
    [
      165,
      889,
      181,
      922
    ],
    [
      175,
      597,
      189,
      617
    ]
  ],
  "class_ids": [
    3,
    3,
    3,
    3,
    3,
    3
  ],
  "scores": [
    0.9829062819480896,
    0.9675997495651245,
    0.8939418196678162,
    0.808035135269165,
    0.7740229964256287,
    0.7526199817657471
  ]
}