{
  "rois": [
    [
      180,
      430,
      280,
      599
    ],
    [
      172,
      704,
      200,
      743
    ],
    [
      172,
      670,
      196,
      701
    ],
    [
      156,
      1170,
      176,
      1204
    ],
    [
      158,
      1041,
      176,
      1081
    ],
    [
      155,
      1205,
      174,
      1242
    ],
    [
      80,
      11,
      252,
      405
    ],
    [
      188,
      88,
      300,
      387
    ],
    [
      159,
      1104,
      178,
      1139
    ],
    [
      159,
      1135,
      177,
      1171
    ],
    [
      157,
      890,
      174,
      919
    ],
    [
      159,
      829,
      173,
      883
    ],
    [
      160,
      969,
      177,
      1002
    ],
    [
      159,
      1035,
      175,
      1053
    ],
    [
      159,
      928,
      173,
      950
    ],
    [
      175,
      647,
      189,
      669
    ],
    [
      99,
      925,
      137,
      941
    ]
  ],
  "class_ids": [
    3,
    3,
    3,
    3,
    3,
    3,
    8,
    3,
    3,
    3,
    3,
    3,
    3,
    3,
    3,
    3,
    10
  ],
  "scores": [
    0.9958339929580688,
    0.9935008883476257,
    0.9888119697570801,
    0.9885746836662292,
    0.9874997735023499,
    0.9867770075798035,
    0.9857324957847595,
    0.9745827317237854,
    0.9687822461128235,
    0.9685419797897339,
    0.9628061056137085,
    0.9476451277732849,
    0.917730987071991,
    0.9120627641677856,
    0.9110252857208252,
    0.8321102857589722,
    0.8174256682395935
  ]
}