{
  "rois": [
    [
      183,
      281,
      214,
      344
    ],
    [
      183,
      365,
      203,
      403
    ],
    [
      176,
      450,
      193,
      477
    ],
    [
      259,
      1210,
      327,
      1242
    ],
    [
      172,
      403,
      196,
      440
    ],
    [
      180,
      550,
      191,
      565
    ]
  ],
  "class_ids": [
    3,
    3,
    3,
    2,
    3,
    3
  ],
  "scores": [
    0.9918481111526489,
    0.9798319935798645,
    0.9627093076705933,
    0.944088876247406,
    0.9301561713218689,
    0.7868093252182007
  ]
}