{
  "rois": [
    [
      181,
      454,
      224,
      507
    ],
    [
      123,
      635,
      154,
      655
    ]
  ],
  "class_ids": [
    3,
    10
  ],
  "scores": [
    0.9694135785102844,
    0.7384449243545532
  ]
}