{
  "rois": [
    [
      187,
      130,
      258,
      347
    ],
    [
      178,
      615,
      190,
      638
    ],
    [
      168,
      648,
      184,
      667
    ],
    [
      180,
      504,
      195,
      545
    ],
    [
      179,
      501,
      194,
      519
    ]
  ],
  "class_ids": [
    3,
    3,
    3,
    3,
    3
  ],
  "scores": [
    0.9952244758605957,
    0.87620609998703,
    0.825336754322052,
    0.80424964427948,
    0.7592952251434326
  ]
}