{
  "rois": [
    [
      181,
      362,
      282,
      399
    ],
    [
      182,
      685,
      237,
      707
    ],
    [
      213,
      797,
      287,
      902
    ],
    [
      73,
      143,
      109,
      188
    ],
    [
      129,
      882,
      191,
      958
    ],
    [
      74,
      6,
      363,
      313
    ],
    [
      210,
      1178,
      249,
      1201
    ],
    [
      203,
      760,
      262,
      815
    ],
    [
      284,
      1227,
      328,
      1242
    ]
  ],
  "class_ids": [
    1,
    1,
    59,
    1,
    59,
    8,
    11,
    59,
    1
  ],
  "scores": [
    0.9988890290260315,
    0.996764063835144,
    0.9882213473320007,
    0.9674572348594666,
    0.9524936676025391,
    0.8566137552261353,
    0.8260170817375183,
    0.7777305841445923,
    0.77378249168396
  ]
}